id,displayname,reputation
"1","Jeff Atwood","32135"
"9","Kevin Dente","8212"
"13","Chris Jester-Young","107034"
"17","Nick Berardi","31995"
"22","maclema","6179"
"25","CodingWithoutComments","9771"
"26","Shawn","8230"
"27","denny","1091"
"35","Greg Hurlman","11106"
"39","huseyint","8397"
"40","Kevin","6750"
"42","Coincoin","13160"
"46","Sven","7452"
"55","Ryan Fox","5249"
"58","cmcculloh","11521"
"59","saint_groceon","2716"
"61","Bernard","10914"
"72","pix0r","18169"
"75","Ryan Ahearn","3924"
"78","A Salim","261"
"85","Paul Wicks","13697"
"86","svrist","3453"
"91","Michael Stum","74277"
"92","Justin Standard","15455"
"93","MojoFilter","3882"
"96","Chris Marasti-Georg","17506"
"100","Eric Haskins","4274"
"101","Peter Burns","18529"
"107","Wilson","411"
"111","saalon","1413"
"115","UnkwnTech","22784"
"116","Mark Harrison","80860"
"122","Mike Stone","21863"
"123","prakash","18499"
"124","Daniel Broekman","2026"
"142","Lehane","7321"
"145","akdom","6939"
"150","ESV","4726"
"151","Darren Greaves","1492"
"154","Matt","2384"
"157","nlucaroni","22376"
"172","Bruce the Hoon","578"
"175","engtech","1614"
"184","Niyaz","16822"
"188","Matthew Schinckel","16388"
"198","dlinsin","6086"
"200","John Downey","6913"
"212","Mike Polen","3173"
"224","vzczc","5059"
"227","Ishmaeel","7865"
"234","Orion Edwards","56392"
"235","Joshua McKinnon","13022"
"238","Pat","19361"
"242","David HAust","2801"
"244","Shadow_x99","10936"
"246","rjohnston","2550"
"255","Jim McKeeth","23047"
"257","Josh","4442"
"267","Lasse V. Karlsen","155181"
"268","Vincent Robert","17003"
"269","sparkes","10457"
"270","roryf","14960"
"271","Justin Bennett","2633"
"275","lubos hasko","13998"
"279","John with waffle","3490"
"287","basszero","14940"
"292","shsteimer","9105"
"302","Jake McGraw","17137"
"304","McDowell","64593"
"307","Brett Veenstra","10628"
"316","Daniel F. Hanson","3298"
"318","karlgrz","3713"
"324","adeel825","1551"
"327","Luke","6772"
"332","Wedge","12182"
"338","Frank Krueger","28416"
"340","Anton","3620"
"342","graham.reeds","9491"
"360","Stephen Pellicer","858"
"361","stimms","15396"
"362","agweber","445"
"369","Blorgbeard","41377"
"372","Jon Limjap","47889"
"373","urini","8685"
"375","Danny Whitt","855"
"377","ZombieSheep","19467"
"380","Vaibhav","7369"
"394","PabloG","9786"
"396","Bryan Denny","13248"
"404","Chris Farmer","10896"
"414","Stu","8243"
"419","Kev","62766"
"422","Chris Bunch","27256"
"428","Sam","2035"
"429","Patrick","21461"
"432","andrewrk","7084"
"437","Patrick McElhaney","22698"
"446","andnil","8808"
"459","dlamblin","15122"
"462","Greg Case","11415"
"463","Amr","753"
"475","Chris Roberts","7683"
"482","Thej","655"
"484","Tim Trueman","137"
"486","grom","8201"
"488","Anthony Cramp","1690"
"493","lomaxx","33441"
"506","Matthew Ruston","2334"
"512","Jason Sparks","988"
"518","Telcontar","2340"
"527","ggasp","618"
"528","Nick Brosnahan","1053"
"533","Curt Hagenlocher","12747"
"536","Judah Himango","28109"
"543","bpapa","10495"
"547","mauriciopastrana","1649"
"560","Jeremy Privett","2698"
"568","David McGraw","3537"
"571","Lance Fisher","13636"
"572","Thomas Owens","46050"
"573","abyx","16407"
"577","Sam McAfee","4660"
"578","axk","2204"
"588","Kieron","5412"
"636","Brian Lyttle","9603"
"646","Luke Foust","1539"
"657","jtyost2","1904"
"658","Kyle Cronin","36679"
"670","Andy","65"
"683","Brian","452"
"685","CodeSlave","7270"
"686","Zizzencs","1403"
"699","Michael Neale","7924"
"700","Brian","7248"
"706","JaanusSiim","1494"
"714","Chris Hanson","35299"
"718","jfs","13715"
"720","Peter Hoffmann","14243"
"723","Neal","1630"
"725","Brian","441"
"728","TJR","1044"
"729","Sean Carpenter","5678"
"730","Keng","11580"
"737","Jason Day","5769"
"738","DyreSchlock","485"
"751","Adam Tuttle","8187"
"755","pauldoo","5175"
"758","Mark Renouf","13680"
"765","Nicholas Trandem","1566"
"782","Sam Merrell","1221"
"791","bruceatk","4236"
"795","Akira","1071"
"797","Matt Sheppard","33577"
"811","Shog9","84465"
"814","jm.","7305"
"816","Will","1022"
"823","ryantm","3038"
"825","Pat Notz","49600"
"826","Andrew","6969"
"828","Matt Cummings","1308"
"832","Rob Cooper","16256"
"834","cringe","2922"
"837","martinsb","670"
"838","dbkk","5420"
"842","epatel","33209"
"853","Nikhil Chelliah","3498"
"861","Camilo Díaz Repka","2707"
"863","Matt Dillard","9243"
"872","Derek Park","25628"
"878","Dominic Cooney","2949"
"883","SaM","1086"
"885","Valters Vingolds","900"
"890","Liedman","3274"
"893","Greg Hewgill","370108"
"900","Arcturus","14936"
"901","rotabla","106"
"916","ChrisThomas123","979"
"917","Mauli","4520"
"931","Ran Biron","3101"
"943","RodeoClown","4079"
"958","Wing","1559"
"959","jatanp","1719"
"960","Lars Mæhlum","4655"
"969","Tobias Schulte","1895"
"972","Hugo","2206"
"974","izb","13355"
"986","Mark Ingram","25804"
"988","staffan","3399"
"998","alexmcchessers","627"
"1000","Marcus Downing","5355"
"1007","Serge","4593"
"1009","jassuncao","2161"
"1030","ninesided","12761"
"1035","GaryF","12202"
"1037","onnodb","4296"
"1054","Warren Blanchet","891"
"1060","Mike Woodhouse","28748"
"1061","Jarod Elliott","7344"
"1063","icco","1818"
"1065","kokos","10467"
"1069","John Smithers","1469"
"1077","smh","640"
"1087","Philip Reynolds","5296"
"1104","N8g","378"
"1109","Theo","62857"
"1113","Sindri Traustason","1728"
"1117","Dale Ragan","14708"
"1120","Shaun Austin","2542"
"1122","Iain Holder","8064"
"1124","J Wynia","4819"
"1126","TiGz","400"
"1143","Quibblesome","14708"
"1147","sieben","967"
"1161","Warren Taylor","57"
"1174","Olly","4387"
"1175","Kristopher Johnson","35498"
"1185","SecretSquirrel","9117"
"1190","James A. Rosen","26472"
"1195","Ian Good","101"
"1196","aku","56621"
"1197","lnediger","758"
"1208","Jim","1896"
"1219","Eric Z Beard","19017"
"1220","DevelopingChris","12950"
"1228","Will","78127"
"1242","Lars Truijens","24663"
"1247","Mike Deck","7638"
"1266","pbh101","2564"
"1281","Rich Lawrence","820"
"1282","Nate Kohari","1768"
"1288","Bill the Lizard","152931"
"1293","jason saldo","5091"
"1294","hydeph","192"
"1299","JMM","149"
"1309","Max","588"
"1310","ScArcher2","23490"
"1318","jacobko","3111"
"1322","Matt McMinn","6600"
"1327","Dan Blair","1595"
"1340","Clint Davis","181"
"1344","Brian Warshaw","9094"
"1353","martinatime","1893"
"1358","EBGreen","14829"
"1366","Adam","6631"
"1370","eplawless","2096"
"1377","ejack","892"
"1404","Craig.Nicol","608"
"1406","Thierry-Dimitri Roy","3727"
"1409","Herms","13399"
"1412","Chris Conway","25360"
"1414","travis","15273"
"1416","jcsalterego","364"
"1417","Ben","129"
"1419","Galbrezu","128"
"1421","Anders Eurenius","2992"
"1425","Brendon-Van-Heyzen","1979"
"1431","Juha Syrjälä","11900"
"1432","jsight","16255"
"1448","cnu","7197"
"1450","John Topley","59735"
"1464","alanl","492"
"1471","Outlaw Programmer","6717"
"1480","jmanning2k","3502"
"1483","Grzegorz Gierlik","6577"
"1486","Kyle Boon","2502"
"1490","Nick","7326"
"1527","Pete Kirkham","33029"
"1534","Michał Piaskowski","2706"
"1539","Ryan P","1761"
"1554","Brad Wilson","23695"
"1556","popopome","2860"
"1557","Brian Laframboise","3760"
"1559","Scott Dorman","25560"
"1562","mafro","587"
"1595","Corey","5495"
"1600","Sören Kuklau","9485"
"1605","Avi","14658"
"1611","Craig","1043"
"1627","Ryan Farley","8044"
"1633","Peter Stuifzand","3230"
"1638","mmattax","11010"
"1644","Daniel Auger","8664"
"1650","Jeff","824"
"1651","Barak Schiller","810"
"1654","Walter Rumsby","3373"
"1659","Mark Cidade","55158"
"1666","SCdF","11830"
"1675","JProgrammer","1367"
"1685","Travis","6127"
"1693","Steve M","4907"
"1694","Eli Courtwright","54853"
"1695","Gishu","60375"
"1697","Shadow2531","6926"
"1702","Yuval F","15388"
"1703","Tuoski","540"
"1709","Anders Sandvig","8170"
"1710","Fredrik Kalseth","6843"
"1712","Roland Tepp","2707"
"1720","Mark Derricutt","565"
"1730","Nicolas","11948"
"1732","AngelOfCake","51"
"1741","Joseph Gordon","965"
"1750","David Schlosnagle","2141"
"1763","Mel","1122"
"1769","David Hayes","2841"
"1772","Jonathan","3269"
"1782","jmfsg","19141"
"1785","landon9720","11811"
"1793","Martin Klinke","4242"
"1797","mk.","8586"
"1799","Mat Noguchi","851"
"1801","Slavo","5708"
"1809","Steven Dick","151"
"1811","Ryan Guest","2282"
"1820","Cheekysoft","16939"
"1827","Shabaz","413"
"1830","Huppie","4905"
"1835","keiw","325"
"1849","Free Wildebeest","1598"
"1853","serg10","10675"
"1862","Kibbee","36996"
"1867","Rob Oxspring","1532"
"1870","Mo.","6837"
"1886","xanadont","2773"
"1891","Jay Conrod","12599"
"1892","postfuturist","10045"
"1898","Skizz","31091"
"1900","Lee Theobald","2550"
"1908","samjudson","28633"
"1915","Scott Bennett-McLeish","3650"
"1920","Erlend Halvorsen","843"
"1931","Dalroth","2648"
"1940","Kevin Goff","730"
"1951","mercutio","6006"
"1958","Michael Sharek","3945"
"1965","FlySwat","64022"
"1968","Konrad Rudolph","238334"
"1969","bmatthews68","5026"
"1992","Bernie Perez","5209"
"1996","Boris Terzic","6348"
"2010","Henrik Gustafsson","12246"
"2016","Magic Hat","695"
"2017","Greg Ogle","4015"
"2018","wvdschel","6197"
"2024","Elliot Vargas","4047"
"2025","Ross","19498"
"2030","Josh Brown","17025"
"2031","danb","3777"
"2066","Ethan Gunderson","2322"
"2077","Hanno Fietz","8853"
"2084","Ian Nelson","20521"
"2087","Rowan","303"
"2093","PPS","98"
"2108","andyuk","10062"
"2109","Owen","5875"
"2131","DrPizza","9541"
"2132","FreeMemory","4847"
"2138","Sergio del Amo","15619"
"2146","Mike Haboustak","1563"
"2148","Julio César","3092"
"2150","On Freund","3519"
"2168","John","5630"
"2177","yalestar","3869"
"2186","Matthew Maravillas","2494"
"2197","David Koelle","10493"
"2210","ogrodnek","146"
"2230","Euro Micelli","13603"
"2238","Henrik Paul","23478"
"2241","pr0nin","353"
"2257","Espo","24772"
"2260","Daren Thomas","27287"
"2274","Fernando Barrocal","3999"
"2275","niklasfi","2564"
"2279","abigblackman","311"
"2284","17 of 26","16239"
"2298","KeithB","9631"
"2309","Mario Ortegón","8678"
"2328","Craig H","4277"
"2338","Matt","11772"
"2361","Jakub Šturc","13096"
"2362","Brabster","19079"
"2367","Johannes K. Lehnert","571"
"2386","cschol","5778"
"2405","William Brendel","15833"
"2424","Chris Lively","60203"
"2434","Daniel James","2929"
"2438","Clokey","462"
"2443","Allain Lalonde","29721"
"2450","Alexander Stolz","3015"
"2453","Ben Williams","996"
"2454","ryan","2158"
"2455","Andrew Harmel-Law","2861"
"2514","Bob Nadler","1989"
"2520","Ron","9"
"2541","Sam Hasler","10212"
"2551","sundae1888","818"
"2554","Marcel","917"
"2566","CiNN","4041"
"2567","Dana the Sane","8122"
"2572","Todd","2467"
"2574","Adam Mitz","4650"
"2586","Dima Malenko","1555"
"2593","SerialSeb","121"
"2597","Tom Lokhorst","7888"
"2598","jjnguy","63792"
"2600","Chris Upchurch","10509"
"2603","Aaron Maenpaa","40003"
"2612","jumar","2691"
"2617","Abhinav","1221"
"2628","Aaron Ferguson","9519"
"2633","Edmund Tay","722"
"2635","Simucal","35443"
"2637","Noel","758"
"2644","pek","6552"
"2648","Dónal","64950"
"2649","Russell Mayor","171"
"2659","Josh Segall","2029"
"2667","Dwight Holman","999"
"2670","Peter Hilton","10809"
"2679","jelovirt","3562"
"2688","bdukes","57170"
"2695","Jorge Córdoba","19325"
"2697","Iker Jimenez","3471"
"2710","wbkang","414"
"2718","Andrei","566"
"2768","jmatthias","2083"
"2773","Chris Karcher","1459"
"2783","David Crow","7899"
"2786","Gern Blanston","6081"
"2789","Tim Williscroft","2949"
"2797","Sébastien RoccaSerra","7654"
"2811","diciu","19274"
"2819","Yuval","3398"
"2822","Trumpi","4250"
"2823","zvikico","7407"
"2829","mjlee","964"
"2839","Tom Carter","1862"
"2844","WMR","5944"
"2846","morais","1866"
"2847","John Boker","37331"
"2875","qwerty","176"
"2878","Knobloch","414"
"2881","Al.","1182"
"2885","Rydell","2094"
"2887","horace","463"
"2890","Vinnie","3397"
"2908","Jiaaro","15673"
"2915","Adam Davis","48746"
"2925","Ben Childs","1851"
"2933","Silas","1035"
"2935","Vetle","639"
"2937","Alotor","3502"
"2945","alves","894"
"2948","Antti Sykäri","10511"
"2954","Sergio Acosta","6520"
"2959","Steve McLeod","19693"
"2961","Stu Thompson","17338"
"2963","Kai","2516"
"2964","Einar","1717"
"2965","Laurent K","2042"
"2966","David Harrison","399"
"2976","paan","3135"
"2978","Matt Large","351"
"2981","stevechol","379"
"2985","stjohnroe","1887"
"2988","Jörg W Mittag","159575"
"3002","dF.","30366"
"3005","Mike Furtak","458"
"3012","Phillip Wells","2675"
"3014","Ed.T","1198"
"3027","nso1","355"
"3029","davetron5000","9916"
"3030","codeLes","1007"
"3031","zaca","427"
"3033","Tony Lenzi","46"
"3034","SWD","254"
"3043","Joel Coehoorn","195707"
"3044","levand","4205"
"3050","Paul Whelan","8772"
"3052","Charles Miller","2397"
"3055","chakrit","30598"
"3068","EdgarVerona","1048"
"3069","Damien B","1648"
"3071","Cagatay","959"
"3087","Cem Catikkas","5041"
"3093","Dave L.","20133"
"3095","Dave","3068"
"3098","MattGrommes","3988"
"3105","Marcin","3934"
"3111","jwarzech","2794"
"3114","Brian Stewart","4603"
"3122","paulgreg","5581"
"3126","jsquires","2546"
"3150","David G","3618"
"3153","Brian R. Bondy","146558"
"3154","David Sykes","3132"
"3171","Dave Webb","92225"
"3191","Domenic","42446"
"3196","Jan Gorman","842"
"3205","skolima","12550"
"3211","Mocky","2952"
"3221","bosnic","584"
"3230","PJ.","1017"
"3245","Eduardo Diaz","96"
"3253","Gowri","943"
"3267","Leigh Caldwell","4266"
"3274","Dan Cramer","415"
"3279","Ben Collins","11494"
"3280","Alexandru Nedelcu","3880"
"3282","Thomas Eyde","1977"
"3295","toolkit","27669"
"3305","John Channing","3302"
"3320","Mendelt","21903"
"3332","talg","736"
"3333","Paul Tomblin","86311"
"3340","jschoen","5866"
"3344","tonygambone","383"
"3347","spoulson","13759"
"3355","Staale","9063"
"3360","Okami","409"
"3366","devstopfix","3645"
"3379","Alfred B. Thordarson","1514"
"3381","Ben Scheirman","24156"
"3388","puri","474"
"3399","Ricardo Reyes","3548"
"3408","rjmunro","10882"
"3415","Brian Gianforcaro","12195"
"3416","HadleyHope","833"
"3432","Wouter Coekaerts","3594"
"3434","Apocalisp","22875"
"3444","shelfoo","1285"
"3446","rcreswick","6554"
"3449","joev","1001"
"3458","Arkadiy","10933"
"3474","erickson","132234"
"3477","Gio","417"
"3485","Hoffmann","3764"
"3488","Craig Walker","13824"
"3498","Mark","653"
"3508","A. Rex","18077"
"3512","cmsherratt","1856"
"3515","Kamil Zadora","918"
"3535","John Meagher","7009"
"3543","TonyB","2482"
"3547","Jay Stramel","1295"
"3556","Lee","158"
"3560","John Millikin","89880"
"3561","Tyler","16961"
"3576","javelinBCD","857"
"3583","Dmitry Shechtman","1838"
"3586","Jimmy","732"
"3587","Thomas Lötzer","8673"
"3617","frank hadder","3058"
"3631","Rob Walker","26252"
"3636","polarbear","2762"
"3637","Jim","86"
"3653","David Hicks","717"
"3657","Jeremy","1287"
"3666","bibix","1953"
"3713","Spoike","33430"
"3720","Vagnerr","1728"
"3776","McKenzieG1","5372"
"3785","Mario Fernandez","9364"
"3789","myabc","699"
"3803","Todd","1898"
"3827","Eugene Yokota","44351"
"3834","Graviton","28863"
"3836","cdv","10552"
"3839","Matthew Watson","7902"
"3848","Motti","34043"
"3853","ChrisN","10869"
"3875","IanW","991"
"3877","caramelcarrot","750"
"3885","Andrei Savu","2238"
"3894","Sergey Mikhanov","1780"
"3898","Miles D","3653"
"3904","David Resnick","2081"
"3913","mrowe","426"
"3926","nimish","1110"
"3935","Erik","769"
"3947","Chris Broadfoot","3542"
"3966","Ash Kim","3454"
"3973","Binil Thomas","6592"
"3978","Douglas Leeder","30649"
"3993","hakan","1021"
"3997","Jan Soltis","1803"
"4003","Nick Pierpoint","8131"
"4026","Mark Harris","323"
"4050","Giovanni Galbo","8319"
"4052","Georgy Bolyuba","3997"
"4061","Teflon Ted","2874"
"4064","Frederic Morin","2084"
"4071","tonylo","2097"
"4086","Ferruccio","53436"
"4097","Sebastian","324"
"4100","Paul de Vrieze","3753"
"4111","hasseg","5525"
"4120","Grundlefleck","30611"
"4155","Niniki","672"
"4165","Tnilsson","1442"
"4192","erlando","5802"
"4194","dmeister","11894"
"4203","Hank Gay","36826"
"4208","jwiklund","678"
"4213","Marcio Aguiar","6895"
"4216","jase","53"
"4218","ReaperUnreal","596"
"4220","Johan Lübcke","2298"
"4223","jodonnell","15599"
"4249","matt b","75191"
"4257","pkaeding","13239"
"4265","Peter Hart","3616"
"4276","Tim Howland","5740"
"4279","J.F. Sebastian","107597"
"4287","Robert J. Walker","3807"
"4308","Benedikt Waldvogel","4399"
"4315","user4315","2225"
"4316","dmanxiii","8524"
"4319","1729","1685"
"4321","JW.","18127"
"4332","Adrian Mouat","5626"
"4337","Gulzar Nazim","35905"
"4343","Bart","2760"
"4358","ramayac","1885"
"4362","jt.","3191"
"4372","Johannes Passing","1405"
"4389","Steve Bosman","1110"
"4396","iAn","3129"
"4406","Jagmal","1235"
"4433","Slartibartfast","5524"
"4450","Darren Hague","473"
"4476","John in MD","911"
"4479","Arktronic","57"
"4498","paperhorse","1477"
"4500","Matt Warren","7347"
"4507","Martin McNulty","1424"
"4513","Tony Lenzi","2306"
"4552","Joe Liversedge","2184"
"4575","Steve Duitsman","1359"
"4582","Geir-Tore Lindsve","769"
"4600","marcospereira","3154"
"4642","Xian","36074"
"4657","Daniel Huckstep","2065"
"4682","Casey Watson","10566"
"4685","Pop Catalin","25638"
"4690","Manrico Corazzi","6655"
"4702","Will Harris","17147"
"4705","nikhilbelsare","58"
"4711","Bart Schuller","2022"
"4717","Tibi","142"
"4723","zappan","2362"
"4725","Tom Hawtin - tackline","84840"
"4727","Leon Timmermans","23470"
"4728","Simon Nickerson","17672"
"4729","Ivan Hamilton","1416"
"4739","daentech","519"
"4761","DGentry","10924"
"4777","davenpcj","3624"
"4787","Neil Middleton","12524"
"4792","Kevin Wong","3858"
"4794","Don Kirkby","13066"
"4799","akr","2081"
"4805","Andy Whitfield","1212"
"4807","iMack","2622"
"4834","quamrana","6524"
"4850","André Neves","3195"
"4857","Ande","2867"
"4869","Swaroop C H","7611"
"4890","Andrew Whitehouse","1368"
"4893","sblundy","27966"
"4901","David Carlson","906"
"4910","Luther Baker","2721"
"4913","zigdon","8898"
"4919","Sean","2810"
"4926","Jason Cohen","37372"
"4939","username","2239"
"4950","Rob Stevenson-Leggett","13571"
"4952","ghbuch","84"
"4960","Nick Stinemates","5845"
"4968","warsze","178"
"4974","Steve Buikhuizen","495"
"4980","Thomas","725"
"4982","andybjackson","11"
"4986","credmp","66"
"4992","Claes Mogren","950"
"5004","Josh Moore","4478"
"5021","AlexeyMK","1658"
"5035","Christian Berg","7199"
"5044","user5044","11"
"5045","jason","526"
"5054","drye","532"
"5056","George Mauer","23569"
"5066","hazzen","7440"
"5074","Jay R.","6510"
"5076","John Vasileff","1957"
"5077","Chris Dail","11821"
"5084","user5084","211"
"5100","l0st3d","1076"
"5118","Rob Spieldenner","1194"
"5171","Dan Dyer","30957"
"5190","Vinko Vrsalovic","119726"
"5196","simpleblob","144"
"5208","Keith G","1879"
"5266","Will Sargent","2371"
"5271","Turismo","1148"
"5274","Jonathan Allen","24094"
"5296","alastairs","3316"
"5303","Tom Martin","1199"
"5304","airportyh","8017"
"5309","David Citron","9661"
"5313","Joe","556"
"5314","Jay Bazuzi","20988"
"5334","nutario","158"
"5346","Nick Fortescue","19229"
"5348","qbeuek","1691"
"5355","Mike McQuaid","4776"
"5357","Jacob Rigby","513"
"5369","Lukas Šalkauskas","5898"
"5380","Kent Boogaart","98991"
"5382","Mikezx6r","6689"
"5409","Rik","13168"
"5416","Joel Martinez","23367"
"5425","Guillermo Vasconcelos","803"
"5433","Paulj","643"
"5438","Stefan Karlsson","2140"
"5469","Kilhoffer","13765"
"5472","Oskar","1262"
"5478","KeithL","704"
"5507","Pavel Feldman","2160"
"5590","Kivus","311"
"5597","Anthony Williams","30159"
"5640","GEOCHET","13934"
"5659","DIA Tom","136"
"5696","John Calsbeek","20011"
"5717","Sébastien D.","61"
"5812","Bob Cross","13767"
"5885","Alex Argo","2246"
"5896","darius","2502"
"5903","David Thibault","4165"
"5933","Chris Hall","125"
"5988","Adrian Anttila","970"
"5989","BrewinBombers","1162"
"6009","Geekygecko","2064"
"6013","Joshua","8631"
"6044","rustyshelf","16783"
"6061","millenomi","5188"
"6069","agnul","2925"
"6093","Mr Shark","5446"
"6094","Peter","1701"
"6108","theiterator","235"
"6180","Alex B","13106"
"6193","Joe Cannatti","2224"
"6197","tbond","108"
"6198","Matt Solnit","13788"
"6255","warren_s","962"
"6277","Evan","9552"
"6282","Mat Mannion","2108"
"6309","VonC","431338"
"6329","tardate","7049"
"6330","Kendall Helmstetter Gelner","53901"
"6332","MM.","382"
"6364","George V. Reilly","5621"
"6370","Patrick Wilkes","1491"
"6380","Scott Hanselman","13304"
"6386","Kevin","7507"
"6400","Sietse","3294"
"6414","PintSizedCat","4361"
"6421","rjray","3701"
"6436","Loren Segal","2399"
"6466","shrisha","385"
"6482","Drejc","5574"
"6508","smink","41181"
"6525","HD.","1362"
"6528","Raithlin","1625"
"6554","squiddle","679"
"6568","Dave Costa","25675"
"6573","Stepan Stolyarov","491"
"6583","Epaga","13052"
"6740","Anarchofascist","161"
"6770","James A. N. Stauffer","1277"
"6775","Ian Wilson","16"
"6782","Alnitak","149202"
"6786","snafu109","41"
"6788","Autobyte","626"
"6801","Trausti Thor","2264"
"6819","Darrel Miller","58498"
"6827","Asaf R","3440"
"6837","user6837","1"
"6856","rmaruszewski","1024"
"6871","Arnelism","583"
"6918","Bruno De Fraine","12021"
"6973","TREE","528"
"6992","Nano Taboada","1979"
"6995","Krishna","2469"
"7012","Avi Flax","15519"
"7027","Carlos Carrasco","607"
"7031","MikeD","3719"
"7034","Henning","8986"
"7111","muriloq","1051"
"7127","Steve Burton","19"
"7143","Torsten Uhlmann","318"
"7144","A_M","2967"
"7178","Jim Kiley","2752"
"7193","dmazzoni","6721"
"7228","yrp","2961"
"7230","Brian Phillips","7173"
"7262","Marc","1920"
"7274","djpowell","337"
"7286","John Shields","26"
"7288","Mwanji Ezana","399"
"7292","Igor Romanov","610"
"7426","Adrian","2739"
"7475","David Chappelle","574"
"7488","JacquesB","20217"
"7492","Eric Normand","2075"
"7512","slim","12854"
"7524","Yaba","2732"
"7530","Rob Dickerson","788"
"7545","user7545","1414"
"7556","Eric  DeLabar","167"
"7557","Misha","936"
"7613","Andrew","8401"
"7616","shyam","4258"
"7621","killdash10","543"
"7625","Corbin March","18793"
"7647","jrudolph","3861"
"7659","Aaron","338"
"7671","Alex Miller","29626"
"7679","Chase Seibert","7790"
"7686","Martin Gladdish","1877"
"7708","Alan Krueger","2210"
"7732","Brad Richards","433"
"7740","Richard","8389"
"7754","squadette","4606"
"7756","Orion Adrian","9078"
"7867","Mr. Shiny and New 安宇","10140"
"7888","Dustin","4863"
"7898","Jean","10110"
"7918","jb.","5246"
"7938","Bill Michell","4949"
"8002","pjz","12730"
"8015","mfx","4577"
"8020","shemnon","2755"
"8026","MetroidFan2002","11821"
"8047","Yar","26151"
"8054","Nicholas","445"
"8114","SqlRyan","15313"
"8118","Shaggy","117"
"8131","Nathan Bubna","3889"
"8143","Konrad","2470"
"8178","rgcb","595"
"8187","Kyle Renfro","643"
"8252","Brian Kelly","2764"
"8256","Ed Thomas","579"
"8279","Marc-André Lafortune","35037"
"8286","sankara","306"
"8290","blahspam","606"
"8313","Sean Reilly","10268"
"8315","Seb","119"
"8330","Marlo Guthrie","444"
"8406","user8406","6"
"8434","Calum","3230"
"8435","Tom Ritter","46118"
"8530","Kevin","1037"
"8621","Honza","2831"
"8643","Matt Cruikshank","2381"
"8690","user8690","71"
"8701","Eclipse","28033"
"8720","Zach","908"
"8814","chrisk","51"
"8840","Avrom","1632"
"8841","Alexandre Brasil","124"
"8899","Nemanja Trifunovic","17439"
"8946","Lawrence Dol","29037"
"8952","xenox","525"
"8959","Brian","2334"
"8976","EricSchaefer","7772"
"9069","ordnungswidrig","2158"
"9116","user9116","492"
"9130","Adam Caviness","994"
"9155","Ben","96"
"9167","Yann Ramin","25319"
"9172","damageboy","926"
"9189","user9189","69"
"9191","Fredrik","2223"
"9195","Shivasubramanian A","1135"
"9263","Alejandro Bologna","765"
"9271","MooBob42","1325"
"9362","Vasco Duarte","148"
"9422","slipset","1319"
"9450","scubabbl","6984"
"9479","Christian P.","2321"
"9493","Brian","49638"
"9518","Randyaa","1060"
"9530","Adam Rosenfield","180595"
"9611","shoosh","34853"
"9628","zxcv","1725"
"9636","Heath Borders","8466"
"9641","Vladimir","4621"
"9774","Dan","1110"
"9787","David-W-Fenton","16873"
"9815","Daniel Spiewak","31414"
"9817","Christian","46"
"9822","Jesse Vogt","5160"
"9843","Nicolas Marchildon","832"
"9871","adum","1174"
"9872","eferm","175"
"9883","enricopulatzo","1191"
"9910","KC Baltz","690"
"9931","Ryan Delucchi","3368"
"9959","TSK","826"
"9966","mlbrock","61"
"9984","mmansoor","45"
"9987","Erik I","344"
"10166","Javamann","1957"
"10397","Justin Cave","118190"
"10503","Bradley Harris","624"
"10560","Lukáš Rampa","552"
"10720","big_peanut_horse","61"
"10759","moffdub","3777"
"10973","Kevin Day","9586"
"10980","Rejeev Divakaran","1180"
"11002","tgdavies","1916"
"11041","Chris OC","401"
"11092","Adi","2734"
"11429","Kristian","2218"
"11465","David Cournapeau","23039"
"11558","Tomer Gabel","2550"
"11721","Stephen Denne","17594"
"11758","Laserallan","5625"
"11770","AndrewB","172"
"11889","ARKBAN","1418"
"11961","MB.","3037"
"12039","Kariem","1428"
"12048","finnw","25113"
"12081","Brad Barker","1650"
"12092","Steve g","1975"
"12148","David Waters","6743"
"12369","Alfonso Pajares","8"
"12541","Scott Stanchfield","16413"
"12604","Ryan Ransford","1848"
"12631","Horcrux7","8520"
"12652","Comptrol","4531"
"12662","18Rabbit","1651"
"12704","Michael Easter","7641"
"12880","flicken","6197"
"12890","Arne Burmeister","8671"
"12943","Bill K","32668"
"12997","mpresley","31"
"13014","pauxu","598"
"13051","JesperE","35020"
"13070","mbaird","32331"
"13107","ralfs","1186"
"13114","marko","26"
"13189","eckes","1466"
"13229","user13229","71"
"13253","qualidafial","2125"
"13276","user13276","2091"
"13379","Michael","9772"
"13447","Olaf Kock","18743"
"13501","Stephane","430"
"13531","Michael Myers","84900"
"13633","l_39217_l","1632"
"13663","Will Hartung","58851"
"13905","volley","3269"
"13940","Greg Mattes","9946"
"13956","fd.","6950"
"14122","Charles Duffy","37348"
"14148","David Thornley","39539"
"14153","Aaron","2476"
"14446","maetl","703"
"14467","Sam Barnum","5197"
"14540","kolrie","3684"
"14731","Gili","15404"
"14744","Jared","23896"
"14768","Joshua","13555"
"14811","Jonathan Barbero","917"
"14893","Peter Kelley","1341"
"14978","catphive","1673"
"15053","fnCzar","991"
"15100","Shimi Bandiel","3616"
"15187","yanchenko","24918"
"15254","Philip Helger","895"
"15255","Zarkonnen","11386"
"15317","Rob","21"
"15379","Dave Griffiths","708"
"15459","PhiLho","24142"
"15495","Justin Cormack","484"
"15527","Martin Spamer","2453"
"15649","Leonel","8494"
"15689","Brian Knoblauch","8937"
"15816","Chris Mazzola","1428"
"16039","vaske","2558"
"16404","Mike Pone","5030"
"16509","jjrv","2410"
"16515","Roland","1923"
"16524","Fostah","4894"
"16685","p3t0r","1438"
"16709","David Plumpton","1385"
"16724","Alexander","4398"
"16805","youri","379"
"16853","oxbow_lakes","71414"
"16883","Michael Borgwardt","185840"
"16947","RKitson","1512"
"16977","Kris Pruden","1302"
"17201","David Smith","772"
"17585","Das","174"
"17634","Ophir","11"
"17712","Milhous","6646"
"17719","Keith Lyall","75"
"17834","Brandon DuRette","3064"
"17871","James Schek","11228"
"18027","Tahir Akhtar","5908"
"18157","Jim Garrison","41236"
"18187","ddimitrov","2015"
"18192","Brian","14276"
"18393","cletus","283778"
"18437","Luke Quinane","8497"
"18445","j.davies","949"
"18752","Eek","1050"
"18796","Ian McLaird","2627"
"18863","Siddharth Gaur","17"
"18995","Paul Croarkin","6001"
"19013","Taylor Gautier","2124"
"19276","DJClayworth","11554"
"19479","Steve B.","23663"
"19520","ema","2382"
"19670","user19670","41"
"19671","binco","1110"
"19939","Maciej Hehl","4880"
"20029","Zach Scrivena","15230"
"20128","serg","45073"
"20291","Unlabeled Meat","154"
"20302","Thibaut Barrère","2985"
"20390","Ma99uS","2276"
"20630","Matt","1477"
"20654","OscarRyz","84332"
"20734","John M","6678"
"20763","stili","618"
"20774","James McMahon","14922"
"20938","Alan Moore","39990"
"21005","Mnementh","20305"
"21152","maxp","1892"
"21234","skaffman","203031"
"21239","Mauricio Scheffer","71643"
"21305","cblades","261"
"21499","hstoerr","6007"
"21838","Pyrolistical","12635"
"21849","Dan Vinton","12383"
"21896","ng.","4216"
"22063","lowellk","897"
"22263","Tom De Leu","3313"
"22514","Kevin Hakanson","16013"
"22704","Darron","13316"
"22767","Craig Wohlfeil","348"
"22769","Igor Zelaya","2301"
"22974","terson","852"
"22979","benjismith","8894"
"22992","Miguel Ping","9158"
"23024","Kamlesh","21"
"23051","Julien Grenier","2000"
"23072","Uri","51344"
"23164","Goran","4086"
"23424","VoidPointer","7323"
"23572","Craig P. Motlin","12038"
"23589","Kai Chan","1672"
"23771","Mike Dunlavey","26851"
"23984","mayya","81"
"24081","user24081","59"
"24108","John Oxley","4418"
"24233","KnomDeGuerre","138"
"24390","abarax","2143"
"24468","akuhn","12482"
"24815","javashlook","5008"
"25098","Filip Korling","559"
"25122","RealHowTo","13575"
"25216","Andrew Shepherd","17140"
"25255","Keith Patton","668"
"25434","Simon Damouni","26"
"25502","rich","706"
"25658","runT1ME","339"
"25688","Ken Liu","8018"
"25694","Simmo","106"
"25891","Davide","5244"
"26056","kohlerm","1702"
"26061","Leigh","2224"
"26334","Draemon","16043"
"26483","Peter","4777"
"26682","Rob Williams","6354"
"26734","Tatu Lahtela","2916"
"26859","Vinze","1841"
"26972","Spike0xff","697"
"27067","iny","4010"
"27358","David Moles","7997"
"27423","Daniel Earwicker","64709"
"27439","Vincent Ramdhanie","47154"
"27561","Robert Fischer","887"
"27579","wsorenson","2419"
"27657","javamonkey79","6933"
"27658","Johannes Brodwall","3561"
"27687","Kurt W. Leucht","2261"
"27784","sarav","1611"
"28465","Chris Povirk","1838"
"28683","myplacedk","1229"
"28841","Petteri Hietavirta","4375"
"29487","Pavel Rodionov","230"
"29620","banjollity","3030"
"29742","Hamza Yerlikaya","116"
"29746","Thomas Hansen","3416"
"30297","chillysapien","1211"
"30453","IAdapter","16484"
"30477","Renato Soffiatto","165"
"30748","Jeroen Heijmans","3118"
"31172","lucas","4414"
"31246","RayOK","326"
"31505","Serhat Özgel","10160"
"31506","Jack Leow","11430"
"31828","James Van Huis","3393"
"32033","andy","577"
"32136","philsquared","13676"
"32174","Julien Chastang","8495"
"32514","feoh","631"
"32749","jbandi","5041"
"33604","adam","10758"
"34088","Aaron Digulla","150882"
"34301","Randy Stegbauer","688"
"34509","Johannes Schaub - litb","261962"
"34935","dfrankow","3126"
"35264","Sarel Botha","6011"
"35274","Philippe","1618"
"35306","Stephan Eggermont","11294"
"35886","Jas Panesar","5919"
"36071","Yoni","5984"
"36131","Andrea Francia","2959"
"36223","Dave","348"
"36330","joeforker","14816"
"37213","duffymo","191567"
"37298","Shervin","8940"
"37416","Mike Houston","4390"
"38266","vibhash","289"
"38670","Olmo","1963"
"38743","Sarah Vessels","8369"
"39242","Joshua Fox","4638"
"39339","Giancarlo","1264"
"39527","Gatorhall","321"
"40595","ivans","192"
"41012","Ben Lings","11805"
"41241","Nathaniel Flath","5895"
"41324","Anders B","564"
"42076","cygil","2096"
"42128","Vincent De Baere","274"
"42201","tkokoszka","1849"
"42276","Joe","150"
"43399","Jacek Ławrynowicz","1313"
"43681","sleske","30871"
"43786","Nicholas","8683"
"43935","Jan Kronquist","1547"
"44330","Jason S","60769"
"44355","david a.","3215"
"44512","eric2323223","826"
"44757","Jared","8070"
"45938","clemahieu","1235"
"46038","Tim Troy","21"
"46478","OJW","1250"
"47281","Marcus","11890"
"47633","opensas","14011"
"48082","Cheeso","89691"
"48181","martinus","7085"
"48310","Chris Kimpton","2973"
"48402","kukudas","2077"
"49107","Maciej Piechotka","3540"
"49393","Rob Mayhew","700"
"49489","Barend","8577"
"49540","Ole","932"
"51292","Ray Tayek","4685"
"52095","kipz","314"
"52249","Jay Riggs","31215"
"52381","K2J","527"
"53036","Todd","1167"
"53319","Kazimieras Aliulis","584"
"53444","Tim","9133"
"53495","Brian Clapper","11442"
"53658","Denis Bazhenov","3029"
"53747","pierdeux","251"
"53897","Thorbjørn Ravn Andersen","39559"
"54236","Harald Schilly","760"
"54321","harmanjd","763"
"54519","Dickson","386"
"54768","Theo Briscoe ","64"
"55036","martsraits","987"
"55284","Emil Sit","11592"
"56038","Jason Fritcher","1047"
"56276","srakyi","634"
"56395","Daniel Lopez","2176"
"56524","mP.","7750"
"56679","chillitom","5971"
"56887","Josh","141"
"57246","David","1315"
"57423","Bhushan Bhangale","6334"
"57448","netzwerg","1665"
"57695","Peter Lawrey","236279"
"57752","Eddie","28495"
"58073","Tom Conder","61"
"58146","Andrey Tarantsov","4577"
"58391","codekaizen","14944"
"58880","cdonner","17661"
"58991","Ceilingfish","2538"
"59075","Darren Hicks","1181"
"59087","Dave Jarvis","12917"
"59223","potyl","1116"
"59501","StaxMan","35917"
"59768","Todd Stout","2691"
"60160","TimP","174"
"60518","Tim Büthe","22335"
"60711","vartec","54703"
"60871","Christopher Smith","2242"
"60935","Andrey Vityuk","531"
"61572","Ron","1159"
"62667","GaZ","1084"
"62848","Faisal Feroz","5064"
"63189","paulmurray","1809"
"63369","Roboprog","2010"
"63678","Daniel  Magnusson","3074"
"64967","Dilum Ranatunga","7850"
"65004","Mike","663"
"65230","Ascalonian","3658"
"65285","KarstenF","1401"
"65479","cordinc","43"
"65868","TofuBeer","33185"
"65927","jtgameover","543"
"66451","jcrossley3","6532"
"66575","bedwyr","3784"
"66981","Martin","540"
"67517","Franklin","575"
"67606","Pablo Santa Cruz","75879"
"68473","Dan","2644"
"69022","penpen","460"
"69503","dawnerd","668"
"69542","Nischal","454"
"69545","Rainer Joswig","64346"
"69769","dhill","1027"
"70033","mr.sverrir","191"
"70134","Dr. Faust","371"
"70317","Theofanis Pantelides","1657"
"70604","Pascal Thivent","301973"
"72369","Juan Besa","818"
"72583","Jakub Arnold","22106"
"73019","Jared Oberhaus","8987"
"73643","Michel Nolard","140"
"74865","drozzy","8351"
"76465","Chathuranga Chandrasekara","7699"
"77222","Ayman","4040"
"77489","Brian Fox","3073"
"80075","Tony BenBrahim","3887"
"80163","Edward Shtern","657"
"80347","yinyueyouge","1225"
"80382","Dima","1875"
"80711","Henryk Konsek","3224"
"81187","bm212","1014"
"81520","Peter Perháč","8299"
"81915","stack programmer","1716"
"82413","baskin","610"
"83843","Flueras Bogdan","1913"
"84131","Chris Dutrow","8973"
"84919","jasonnerothin","1029"
"85095","McGovernTheory","2526"
"86001","AaronG","31"
"86989","newacct","45727"
"87197","Chris Dennett","12652"
"88907","adnan","217"
"89266","dfa","56263"
"89769","h3xStream","2739"
"90203","mihi","3496"
"92813","Chris","4766"
"93995","Caffeine Coma","10849"
"94697","uglybugger","326"
"97745","crowne","6090"
"98761","user98761","103"
"98811","Devon_C_Miller","11025"
"98903","Olivier Dagenais","655"
"99021","timbonicus","544"
"99389","Nat","6529"
"99627","RobbieV","424"
"100190","Matti Lyra","5430"
"103340","Eric Yung","95"
"103373","Niklas","512"
"103446","Ro.","435"
"103715","Peter Smith","513"
"104117","Valentin Rocher","7689"
"105037","Serg","2447"
"105735","mansu","429"
"105756","Jeff","4517"
"107510","Hugo","3361"
"107852","sagehen03","43"
"108121","spariev","184"
"108465","JSN","724"
"108517","Jørgen Fogh","3709"
"109079","Partly Cloudy","945"
"109114","Bruce Blackshaw","745"
"109771","user109771","141"
"110225","ivant","1062"
"112779","Mario Fusco","4323"
"115167","Huxi","2694"
"115520","Ifnu","92"
"115722","pierr","9422"
"116639","Tom Anderson","22890"
"116932","pagid","2218"
"118228","djangofan","6585"
"119365","Peter Recore","11263"
"119889","Ignat","31"
"120163","Ira Baxter","49742"
"121475","Chuck Deal","36"
"121732","Chris B","318"
"122466","Aadith","1995"
"123094","dB.","2430"
"123582","Rich Seller","47230"
"123918","user123918","11"
"124111","aberrant80","4671"
"124708","TraderJoeChicago","2176"
"124754","Jason Thrasher","398"
"125382","MAK","12716"
"125617","Renaud","3395"
"125713","Markos Fragkakis","2323"
"125718","Roboblob","1127"
"126346","shikhar","982"
"126554","Thimmayya","1133"
"126562","Justin Johnson","16578"
"126603","MM.","708"
"126769","nos","105464"
"126875","Diego Amicabile","133"
"126916","Abhinav Sarkar","11159"
"128006","carrino","162"
"128285","Jon","1401"
"128571","akatkinson","368"
"129104","Rick","2710"
"129124","Pavel Savara","1805"
"129497","Miguel Pardal","144"
"129599","Ophidian","3631"
"130988","Graham","297"
"131137","Brian T. Grant","129"
"131795","Trevor Harrison","1141"
"135043","Jonathan Hendler","701"
"136106","RN.","816"
"136476","Wilfred Springer","5570"
"137272","regis","76"
"138513","Trejkaz","2042"
"139985","Stephen C","267012"
"143081","user143081","289"
"144216","Sergei","71"
"144282","Jason Wang","152"
"151918","rsilva","728"
"157423","Mamuf","381"
"157882","BalusC","511609"
"158680","Dick Chesterwood","935"
"159923","sibnick","111"
"160256","Keegan","320"
"161142","JZeeb","285"
"165119","Chris J","4048"
"165130","alex","516"
"165495","Casebash","22810"
"166589","Lyubomyr Shaydariv","1778"
"168034","phunehehe","2879"
"168548","davideconsonni","982"
"170649","ziftech","383"
"172157","Phil Harvey","550"
"172467","Iraklis","1491"
"173149","gavenkoa","7465"
"174816","Garytxo","199"
"176741","Dolph","13170"
"177701","Hendrik Brummermann","4603"
"179850","Gray","59939"
"181336","Adriaan Koster","6369"
"184730","fastcodejava","13448"
"185022","AZ_","7478"
"186858","so_mv","1904"
"187883","NateS","1667"
"190680","Aeron","1"
"190822","Zubair","11445"
"194609","Karussell","6930"
"195463","SRG","826"
"196211","Eyal Schneider","11609"
"199288","Ramon","3550"
"201554","Lastnico","868"
"201722","luis.espinal","4336"
"202007","Lincoln","2236"
"203907","Bozho","280250"
"204255","trafalmadorian","1231"
"204512","Art Clarke","2199"
"205066","Ken","229"
"205711","Oleg Ryaboy","2079"
"207245","Wade Walker","326"
"207421","EJP","118494"
"208017","just_wes","763"
"208791","HiQ CJ","1363"
"209706","Mot","5399"
"210705","mbenturk","1"
"211277","tolitius","10086"
"212665","Vinay Lodha","1427"
"212731","Hugh Perkins","1071"
"216248","karatedog","1026"
"216338","Chuck","11"
"216517","st0le","15923"
"216756","Chris Mountford","296"
"217071","Xiè Jìléi","3339"
"218432","Ashish","566"
"218857","Sandeep","5679"
"219965","diätpillen","1"
"220015","trunikov","1"
"221847","Alex Cheng","2425"
"221951","Piotr Gwiazda","5322"
"223818","sashank","494"
"225237","Caleb Peterson","61"
"226568","Bob Yoplait","1206"
"226846","jon","21"
"227698","vodkhang","11495"
"227755","nurettin","4202"
"228114","v6ak","921"
"228406","flux","70"
"228689","Guillaume","1913"
"228871","Tim","1"
"229041","Jakob Jenkov","302"
"229373","Steve Bower","31"
"229513","Martin","655"
"229994","Darrell Denlinger","21"
"230955","Ichiro Furusato","361"
"231084","Abhay Bansal","1"
"232206","Jonny","2065"
"232899","Ravisha","871"
"233060","ekerner","1834"
"234014","Bill Leeper","402"
"238134","deamon","15784"
"238714","Jez Humble","139"
"238899","arnab sarkar","81"
"238938","Rusty Shackleford","39"
"240566","Jay Askren","5116"
"240979","Aberghousse","11"
"241590","stacker","34857"
"242853","jeremiahd","2730"
"244379","user244379","11"
"246622","tomsv","2635"
"246673","KasthuriRengan","11"
"246969","Dmitry","89"
"248878","Jesús Alonso","31"
"250260","Elenasys","24623"
"250777","Defd","346"
"251767","Meower68","308"
"251825","Chris","425"
"252552","Timo Westkämper","8145"
"252689","Gmu","328"
"252964","Stephen Ware","51"
"253290","DP.","63"
"253376","Harsh Bandlish","11"
"256717","Fakrudeen","1760"
"257090","Melvin Smith","7683"
"257122","Ashwin Jayaprakash","807"
"257299","kevinarpe","3020"
"258289","Luigi R. Viggiano","3227"
"260787","Ra.","41"
"264662","JavaKeith","35"
"265011","abods","91"
"268098","Ta Sas","1502"
"272015","metismo","367"
"276093","matt burns","6402"
"276101","polygenelubricants","141694"
"277307","John McCarthy","1311"
"280783","Peter Tseng","3534"
"282400","octo","611"
"282693","Yanamon","560"
"283519","pwes","982"
"284126","tanyehzheng","1274"
"284314","Ovidiu Buligan","559"
"285872","Mal","56"
"286335","cibercitizen1","3251"
"286588","Farm","735"
"287138","Stefan Haberl","896"
"287727","Navi","3706"
"288671","Vitalii Fedorenko","19202"
"290918","kldavis4","662"
"291006","Adam","1"
"293933","Jarek Przygódzki","1285"
"293990","javabegin","1"
"294099","Dan Gifford","199"
"294778","Iraklis","11"
"295231","kert","508"
"296108","Chris Knight","8234"
"296853","Michael Campbell","747"
"296883","Neal Ravindran","1"
"297983","Emil Wcisło","81"
"298575","Romain Guy","58612"
"299048","Phil Hale","1554"
"300248","simpatico","2780"
"300807","Chris Cooper","7764"
"303442","Andrew Taylor","323"
"303598","matsev","7074"
"308474","Michael Allen","2577"
"309844","Jonathan Works","1315"
"309946","Elijah Saounkine","4399"
"310092","mezmo","1686"
"311140","Jonathan Nadeau","121"
"312172","user unknown","15875"
"312921","Scott S","42"
"312957","Antony Booth","141"
"313137","Romain Hippeau","16303"
"318174","Adam Gent","15685"
"319803","MrM","364"
"319876","Ahmed Hamdy","500"
"320711","Cristofer","11"
"321444","Selenia","194"
"321560","Charles Himmer","1"
"323447","Paolo Fulgoni","368"
"327085","jeckhart","186"
"328178","Will","562"
"329496","simbo1905","941"
"329736","barclar","66"
"332026","Justin","5581"
"332324","Pierre Gardin","424"
"332793","awm129","119"
"335648","Mark Jaeger","76"
"335770","Pete Brumm","724"
"336913","FFiend","31"
"338082","Gala101","196"
"338986","hiroshi","1848"
"340390","Bitmap","4269"
"342030","Md. Mukit Hasan","41"
"342449","xyz","51"
"345278","mschrag","11"
"346719","Erik","61"
"347051","Hiep","1492"
"348189","TacB0sS","2385"
"349636","Wasim","1"
"352035","AutomatedMike","530"
"356011","marathon","1121"
"357951","Kevin","1838"
"359160","Bob","1"
"361172","James Selvakumar","410"
"361398","Allen","11"
"361855","Jason","1626"
"363573","Stephan","10896"
"363751","supercat","26840"
"367407","Jameskittu","318"
"367988","Basil Musa","750"
"368544","mschonaker","2861"
"369862","Vineet","545"
"372894","Alex","57"
"373467","ludovicc","344"
"373498","FunThomas424242","303"
"373975","phareim","251"
"374167","hacklife productions","301"
"374532","Sharan Rajendran","542"
"375317","cayhorstmann","1304"
"377662","Michael","1"
"379428","Andrew","1305"
"379503","Stevi Deter","1023"
"379556","ruionwriting","653"
"383414","Richard Le Mesurier","7515"
"383986","dah","442"
"384464","xagyg","4389"
"386718","Stijn Van Bael","2934"
"389712","Magnum","1"
"390304","Ritesh Tendulkar","489"
"390550","psvm","704"
"390636","Kris Nuttycombe","3071"
"391806","Dale Wilson","3243"
"392356","Espen","191"
"397677","Grzegorz Gajos","443"
"401906","Leonardo","221"
"402658","java al","1"
"403619","Gilles","31"
"404192","LiuYan 刘研","892"
"406770","Mbada","1"
"409201","Kevin Yang","136"
"409817","Sheepy","178"
"410072","James","3526"
"410289","lwpro2","5749"
"410755","Scott","337"
"414441","Vardhan","2203"
"416206","James","18607"
"417228","Jaydee","3418"
"417946","rodneyt","11"
"419075","Amir Raminfar","18357"
"419109","Steven Bluen","58"
"421753","Krishna","1677"
"422550","mwangi","794"
"423045","Jesse","127"
"424903","Gimby","1447"
"426315","itsho","736"
"428498","Alessandro Brunelli","11"
"428972","Ryan Gross","3863"
"429745","Rick","11"
"433078","grayger","719"
"434162","OneCent","11"
"435605","Alik Elzin - kilaka","5023"
"438154","Sotirios Delimanolis","86502"
"438990","Valdis","1568"
"441779","Owen","39"
"442716","Ustaman Sangat","767"
"443633","michaelok","644"
"445087","JeffV","8704"
"445367","Eelco","1421"
"446497","fulmicoton","5528"
"446591","Brad Mace","12483"
"446915","Pascal Robert","108"
"448625","Caner","16081"
"449553","msangel","1869"
"449739","Krishan","49"
"451234","user451234","51"
"451308","Sanjay Mishra","1"
"454252","allenhwkim","6472"
"456684","Mark Spangler","2303"
"458576","Noam Nevo","643"
"459303","SoulWanderer","195"
"459904","kml_ff","537"
"460415","Markus","686"
"468112","Chris Mowforth","3250"
"472020","Antonio","926"
"473064","Liu Zehua","91"
"475664","Lawrence","51"
"478586","Michael","101"
"478686","Norbert Madarász","311"
"479805","smartnut007","1781"
"480686","Pushpinder Rattan","148"
"480749","vishnu","31"
"482628","Heidarzadeh","2310"
"483628","Srikanth","730"
"486604","eth0","1759"
"489457","Steve","453"
"490178","Jeremy Hadfied","11"
"490366","Kzvi ","204"
"490484","Roger F. Gay","744"
"491973","SoftwareRockstar","9"
"493823","fmucar","7175"
"495307","Waqas Khan","152"
"501483","dhams","2929"
"510017","jkschneider","4187"
"512994","wulfgar.pro","1587"
"513340","Pratik","739"
"513700","Preston","1"
"514515","Bang","11"
"518493","manish_s","1115"
"520957","JVerstry","12828"
"521754","despot","1240"
"522633","houston","1"
"525725","Emmanuel Bourg","4758"
"534812","jens","743"
"536970","JPT","11"
"537066","chandrayya","11"
"541755","jontejj","770"
"543572","James Drinkard","2878"
"544084","Jim Cox","71"
"545127","Raedwald","9617"
"545373","SamWest","63"
"545384","Mads Burgandy","41"
"545907","Lijo Mathew","1"
"550664","Daniel Fernández","2240"
"554988","Garrett Hall","12239"
"564811","xiatica","483"
"571946","isJustMe","3323"
"579450","nwodb.com","11"
"580515","Dee Kay","31"
"581159","Zeba","920"
"581845","epidemian","10397"
"586086","Andrew Mao","11200"
"588214","user588214","46"
"590531","peceps","7506"
"590689","m.genova","356"
"591413","Christopher Deckers","246"
"592771","Konstantin","11"
"593010","Guido Anselmi","1425"
"597657","Eng.Fouad","45230"
"599011","Xavier","94"
"602161","Jeremy Brooks","446"
"603125","asloob","765"
"603516","Vadzim","4645"
"609973","MarianP","1341"
"616460","Jason C","15365"
"617450","Ripon Al Wasim","5746"
"620661","Mohit","176"
"621316","Sahuagin","3320"
"621338","necromancer","4285"
"624117","Robert Laflamme","11"
"629033","komputisto","41"
"633719","ayengin","779"
"634281","Alexandr","184"
"635982","stickfigure","4314"
"636988","Booger","7711"
"637366","Srinivas","198"
"640224","henry","1303"
"643742","Franz Kafka","2764"
"645117","Prof. Ondino","21"
"645226","Bhushan","3668"
"652634","Val Blant","289"
"656193","Ryan","116"
"656963","David","3643"
"660029","Ravi Chinoy","53"
"665792","Leo","149"
"672780","Nemek","21"
"673282","chim","1924"
"684655","David Faulstich","11"
"684831","Dylan Meador","1582"
"693068","James Moberg","698"
"693752","Snicolas","20203"
"697116","albus.ua","96"
"697630","Edwin Dalorzo","21388"
"701511","Ian McGraw","521"
"706035","Pica Creations","21"
"709798","user709798","11"
"710641","Mafro34","367"
"714569","Pradeep Menon","63"
"717267","Eduardo Cuomo","1616"
"734687","ChrLipp","6750"
"736999","twimB","379"
"740494","gousli","41"
"743614","blast_hardcheese","167"
"745522","Peter Ford","171"
"747409","Soumya Sandeep Mohanty","21"
"750965","Johnydep","1189"
"751271","Itumac","247"
"753672","Luc","11"
"758139","CodeboyUp","11"
"759012","sravan","2571"
"760656","Ramesh PVK","7604"
"760923","Martin","188"
"772748","Warren Crossing","1"
"776464","krsnik","11"
"777363","Kamal","21"
"777443","Peter","480"
"779111","ron","4441"
"780279","Alejandro VD","31"
"783412","hd1","12083"
"783844","Egg Vans","455"
"791703","loveall","61"
"792238","Siddhartha","593"
"792382","claude","31"
"801492","ggrandes","51"
"804637","Prabath Siriwardena","3589"
"807231","Gevorg","4313"
"808811","cld","11"
"810633","tglman","321"
"815409","Giorgio","1773"
"817796","arnonym","11"
"819014","najus","479"
"822390","Suganya","11"
"823341","Samuel Marchant","11"
"827272","dac2009","1153"
"828681","Petrucio","1674"
"833866","vmhacker","96"
"834316","PNS","3274"
"835199","user835199","44"
"837316","Bob the Egg","71"
"838841","Shreyos Adikari","3667"
"840421","Colin Saxton","69"
"842022","Anitha A","51"
"844555","Jeffrey Lee","11"
"855780","AnthonyAlmighty","52"
"856583","Nick Sawadsky","83"
"861832","oneiros","976"
"864111","Subhash","73"
"866528","mlh","41"
"869809","Ray Kiddy","182"
"873282","koppor","2276"
"875305","11101101b","3518"
"876298","Alex K","9439"
"876497","DejanLekic","6183"
"885027","jonny five","3257"
"887575","Surya","197"
"889665","firian","791"
"906421","developer.g","1187"
"908570","Bryan","342"
"911228","tfeicht","1074"
"913678","color","1"
"918472","Rupesh Yadav","2959"
"920681","Kanishka Dilshan","421"
"922581","Srle","634"
"924612","nvrtheless","898"
"925098","Eclipse-user","117"
"927269","chaukssey","11"
"928992","Jared","31"
"929529","pushistic","1205"
"932723","John Solomon","32"
"934204","Neerja","151"
"946904","marc wellman","1870"
"946968","zorn","21"
"964243","Boann","13103"
"965081","Pjotterke","11"
"968988","Nicolas Zozol","1599"
"970985","Thargor","880"
"973085","Evvo","11"
"981001","Md. Abdul Munim","964"
"985306","Kshitij Banerjee","674"
"991065","Fathah Rehman P","2646"
"995737","Dominic Fox","133"
"1006863","Paulo Fidalgo","5228"
"1010917","Pavan","11"
"1021549","jiyo tweeter","102"
"1024005","siliconsmiley","29"
"1025840","Darkaico","288"
"1028380","ebelanger","153"
"1029235","Rinat Mukhamedgaliev","699"
"1037363","Prasobh.K","148"
"1037609","Balaswamy Vaddeman","2817"
"1039268","petro","51"
"1039517","sandrozbinden","429"
"1043067","Vyacheslav","1638"
"1047104","Santosh Singh","1"
"1047565","Deepak Sharma","1069"
"1050422","Lorand Bendig","5861"
"1052227","Siddharth Tyagi","66"
"1055140","nagarajn89","31"
"1058366","Kevin","2323"
"1059372","Eugene","6688"
"1068058","ajon","2837"
"1069589","tschodt","86"
"1079877","user1079877","823"
"1087848","11684","4158"
"1096108","Jonathan Locke","11"
"1099376","vambo","33"
"1112480","Jay Warrick","21"
"1112963","Zon","688"
"1113155","Manasvi Sareen","600"
"1115144","Mike","1806"
"1115554","micha","8452"
"1122959","rocketboy","5190"
"1122995","aboutstudy","316"
"1123501","George Siggouroglou","593"
"1126309","ricardoc","76"
"1127270","Alex","187"
"1127460","Simon Keep","4628"
"1128981","romeara","102"
"1130097","nmiranda","2341"
"1139901","snail","11"
"1140748","alain.janinm","7932"
"1140754","Miguel Gamboa","819"
"1142881","Giovanni Azua","2280"
"1145285","Bhavik Ambani","3825"
"1146047","shedri1","70"
"1154244","Barry John Williams","71"
"1157731","YIN SHAN","31"
"1162526","pong","367"
"1164753","Petr","190"
"1167497","ajp","85"
"1169187","hridayesh","188"
"1169530","Loki Nightray","11"
"1171967","RkaneKnight","49"
"1175379","Eddie","27"
"1178478","Derzu","2593"
"1178669","helpermethod","11492"
"1180621","Andrejs","5080"
"1185845","Espinosa","638"
"1190934","VenomFangs","2456"
"1191613","pramod","51"
"1194632","luckyphil","111"
"1198898","user1198898","311"
"1199342","raja","939"
"1203455","Ankit","84"
"1210278","Riking","850"
"1215919","Jamie","31"
"1239661","Yury Bendersky","32"
"1241315","reverse_engineer","641"
"1242601","Koray Güclü","951"
"1247753","Lund Wolfe","41"
"1250229","Mifmif","1231"
"1253451","Slayer SA","31"
"1254184","Ivan Kinash","591"
"1255181","Waldemar Wosiński","337"
"1255825","JasonG","1872"
"1276364","Shaddow","41"
"1278685","Richard Parsons","1"
"1282091","zzz","11"
"1292393","Mr. Xymon","424"
"1294054","alxlevin","21"
"1296737","pjesi","1306"
"1298234","Vladimir","378"
"1298461","KIC","552"
"1312477","abhi","91"
"1313268","CorayThan","2323"
"1324220","Bjorn Reppen","5134"
"1332225","CryptDemon","200"
"1334941","jlmontesdeoca","69"
"1336158","Mzzl","710"
"1336707","cmpbah","21"
"1338915","Chad M","362"
"1339367","Luis Daniel Mesa Velasquez","36"
"1339987","djechlin","19473"
"1344669","Felipe Queiroz","376"
"1347278","GeRmAn","71"
"1365340","Pawan","173"
"1373996","nnhthuan","641"
"1379286","Sniper","4085"
"1385083","Jamie","279"
"1386292","Pramod","3690"
"1400157","pmartin8","22"
"1410342","zzzz","2466"
"1424605","frisky","476"
"1426433","fernandoespinosa.org","491"
"1428089","Sam Jones","845"
"1430323","Teetoo","1338"
"1433692","Ozanist","46"
"1439122","R R Madhav","348"
"1444372","Marcin","173"
"1448983","Steen","3527"
"1458499","EriF89","149"
"1460448","AnonJ","139"
"1460848","Chris","1"
"1461424","Krumia","1825"
"1463100","Markus Kreusch","702"
"1484294","Gergely Szilagyi","1489"
"1488389","Wazza","51"
"1491619","Bob Weigel","11"
"1493804","Clivant Yeo","11"
"1498427","nazar_art","1545"
"1499766","Scott Kurz","81"
"1500667","Gautam Vasoya","622"
"1506477","Thamme Gowda","460"
"1515603","Rohan Karwa","101"
"1524513","knorman","1"
"1531064","Cataclysm","229"
"1534456","guitar_freak","1410"
"1548481","Ugo Matrangolo","21"
"1564766","abishkar bhattarai","1138"
"1570415","Donald Raab","772"
"1584255","Saint Hill","2478"
"1585148","pH Cito","41"
"1588303","user1588303","173"
"1590990","Kezz101","589"
"1596606","abhig","63"
"1610348","user1610348","61"
"1617892","NickV","166"
"1619065","bincob","46"
"1621446","Vin Ferothas","11"
"1622468","Nadav Brandes","81"
"1629062","R dhabalia","11"
"1638882","Felix Dobslaw","1"
"1646298","ZZ 5","91"
"1654250","Craig Wayne","348"
"1659061","Gp2you","91"
"1669747","AKS","318"
"1678760","fatma.ekici","568"
"1684155","Chris B","96"
"1690448","Sankar","192"
"1696280","Albert","11"
"1705343","ip_x","71"
"1713695","Alexander Ryzhov","96"
"1714406","Radu Bompa","789"
"1720829","thefiscster510","213"
"1722752","MigMit","759"
"1722818","Duggu","7993"
"1724097","Rawa","1243"
"1730605","rina","21"
"1733754","rorrohprog","229"
"1736287","cpurdy","593"
"1766655","Mishax","1675"
"1772534","Nikhil Shekhar","71"
"1778676","Leve","5"
"1789360","Yuli Matsai","179"
"1795220","igo","700"
"1805539","Jyoti","11"
"1806702","Morbo","31"
"1830486","siva","36"
"1833961","bvdb","953"
"1835074","awi","761"
"1835198","Human Being","1537"
"1842414","Shakeeb Ayaz","2292"
"1874487","challenger","113"
"1878022","Veke","50"
"1893773","Dustin Deus","63"
"1902010","ceejayoz","87891"
"1907916","bhushanpatil","431"
"1910406","Ganesh","793"
"1911977","Pyare","152"
"1912476","Chris Dearden","11"
"1912964","Gaurav","111"
"1917489","cutmancometh","177"
"1918772","Nisha","373"
"1923551","user1923551","612"
"1927543","Karthikeyan","666"
"1927832","sᴜʀᴇsʜ ᴀᴛᴛᴀ","48879"
"1931858","user1931858","870"
"1940048","Sascha Baumeister","56"
"1941878","fechidal","38"
"1951442","javaJoe","1302"
"1953431","hamilton.lima","558"
"1962854","Burak T","27"
"1990802","Toni Menzel","541"
"2022586","Alexander Volkov","301"
"2025138","James Mead","2502"
"2038772","Luna Kong","117"
"2041804","Javier Carmona","38"
"2041950","Sean McMains","9759"
"2049208","Kire Haglin","2412"
"2051259","Jim Watson","1"
"2055692","Brian Travis","171"
"2061197","Navathej","11"
"2068211","James Strachan","6244"
"2078225","Emil Carr","1"
"2085746","Avik Kumar Goswami","19"
"2089557","javacreed","173"
"2089740","Louis Brandy","5331"
"2098900","Pradip Bhatt","307"
"2111085","Ernestas Gruodis","973"
"2114999","Panchotiya Vipul","781"
"2116541","jobard","11"
"2118080","Ishwor","31"
"2128327","Khaled A Khunaifer","2390"
"2128915","Fiery Phoenix","100"
"2189331","gruebait","6766"
"2227298","KrisWebDev","1968"
"2267583","Ess Kay","39"
"2271385","aknon","441"
"2287871","Rajendra Jadi","19"
"2313093","user2313093","11"
"2326914","Rogério","5703"
"2335562","rohan kamat","309"
"2352432","Pool","5193"
"2359488","Khulja Sim Sim","559"
"2364216","Dele Taylor","151"
"2365956","user2365956","11"
"2369221","NDGO","24"
"2373304","loknath","723"
"2377539","Saurabh","11"
"2380830","Bathsheba","25624"
"2396539","Aniket Thakur","11117"
"2447152","Rustam","607"
"2471578","Neelesh Salian","11"
"2476998","Kancha Ekant","165"
"2503881","user2503881","38"
"2509659","Sandeep Kathe","1"
"2512222","Dave","856"
"2575134","pardeep131085","706"
"2581460","Ahuramazda","74"
"2601671","Trenton","2352"
"2611720","SUBZ","34"
"2619479","Marco","11"
"2630572","neuhaus","1"
"2635682","Garth Gilmour","5404"
"2647077","Night0","42"
"2684342","Tristan","2391"
"2685086","Ruud","291"
"2730161","Jordan LaPrise","121"
"2736496","aliteralmind","7131"
"2745303","user2745303","1"
"2767300","npellow","1462"
"2779549","Zero_8","21"
"2799828","Jason Cidras","21"
"2815040","user2815040","1"
"2861736","nabedge","1"
"2883636","Fredrik Solhaug","1"
"2899548","shouyu","1"
"2970123","PetarMI","44"
"2978567","Anandaraja_Srinivasan","43"
"2985585","Joao","101"
"2991983","Pranav","68"
"3072177","0circle0","31"
"3076046","Pascal","1"
"3098292","Debaprasad","188"
"3106513","Longwayto","226"
"3131537","Darshan Patel","1333"
"3141443","J.B.Vala","33"
"3203998","trevorsky","11"
"3230563","JegsVala","581"
"3254469","Fadid","41"
"3278858","ramu p","31"
"3309149","pragati","1"
"3311658","user3311658","21"
"3314952","user3314952","11"
"3317784","Rohit Chugh","29"
"3355403","Imagine Breaker","116"
"3431280","Hyposaurus","404"
"3472698","Koushik Balaji Venkatesan","16"
"3517232","Ibrabel","31"
"3593084","user3593084","52"
"3598189","user3598189","31"
"3601477","user3601477","1"
"3647002","reversiblean","61"
"3691358","Richboy","1"
"3706308","Nautilus","8"
"3709489","user3709489","11"
"3728540","user3728540","1"
"3763720","gmournos","1"
"3777283","dlaudams","31"
"3790709","Bindumalini KK","53"
"3895136","Shravan","11"
"3917868","Ricky Muchedzi","1"
"3936966","Dharmender Rawat","1"
"3936975","DharmenderRawat","1"
"3961865","Michał Żbikowski","11"
"3980145","Željko Vuković","1"
"3981269","Rahul Tripathi","78"
"4000644","Indra Polak","1"
"4004848","Roger Mori","1"
"4026058","Shouvik Roy","26"
"4067649","user4067649","1"